,id,name,email,age,city,country,ethnicity,gender,group
0,00f4dc29-4429-4f2c-9a20-1581f3b44284,None,scotton956@yahoo.com,None,None,None,None,Male,40-60
1,02e1edaf-752f-4279-b689-1d162a8648c3,samira mehrizi,smehrizi2@gmail.com,43,los angeles,usa,None,Female,40-60
2,02e27e99-81c4-46a4-955b-3a00c4ffb7eb,Alison Rosenberg ,tatesmommy@gmail.com,56,Wellington,United States,White,Female,40-60
3,02fe2e61-4d58-4024-baac-e5a4e66300d6,Lisa Goodrich,lisa@lisaborodkin.com,54,Torrance,United States,White,Female,40-60
4,03a9eb7f-f9eb-4c53-a49d-48f63cc71953,Deanna Lanier ,dgibbslanier@hotmail.com,50,Kirkland,United States,None,Female,40-60
5,066c6959-e9d8-4f4f-a97e-5f216fb2fa48,Claravel Criste,veldoc23@yahoo.com,47,Marion,United States,Asian,Female,40-60
6,06bd9c30-ecff-422b-b5bf-e43cb5eafca3,Jamila Sabat,Thomajamie@gmail.com,43,Washington,United States,None,Female,40-60
7,091f5e22-cefb-4c29-a1ea-c2d5e725ff10,Michelle  Rosenblum ,michdoug143@gmail.com,41,New York,United States,None,Female,40-60
8,0c04cb29-3c6a-4268-af02-8e8d3cf8a685,Alissa Beir,jaysam1@bellsouth.net,50,Miami,United States,White,Female,40-60
9,0d2f26ba-e5b8-47c2-8af4-32b290e0882a,Halli Paul,hallibpaul@gmail.com,52,Boca Raton,United States,White,Female,40-60
10,0e4bdcfd-f2a1-435c-ab25-0f009425c5ab,Kara Fisher,kfish629@gmail.com,42,New York,United States,White,Female,40-60
11,0e54fe93-e0c3-46fd-a110-3de505c6f51e,Ann Feng-Gagne,afgagne@gmail.com,42,Irvine,United States,Asian,Female,40-60
12,11b79123-396e-4e7f-966b-7d10621d85e0,Michelle Maher,shellmaher1@gmail.com,50,Malibu,United States,,Female,40-60
13,12b06ee5-dcaa-49ba-b19d-8fc78cb61374,shanni lo,shanni1974@gmail.com,47,houston,united states,None,Female,40-60
14,1681943e-b672-4dd6-a59c-67c34a2a50af,Abby Tiesch,abbyrt@gmail.com,43,San Francisco,United States,White,Female,40-60
15,17c918bd-681e-4bd8-88e8-df46e00e323c,Tatiana  Graham,tngraham323@gmail.com,40,Joplin,United States,White,Female,40-60
16,17fa2a70-575d-4a26-9d55-aef8e284d437,Linda Law,linda.law@gmail.com,42,Englewood Cliffs,United States,None,Female,40-60
17,1855b319-7680-470c-afc8-e11bdc410bbf,Esther Wong,estherlamwong@yahoo.com,52,San Diego,United States,None,Female,40-60
18,1e38463b-ab05-44a4-955b-2a617b0da27c,Rene Lewis,rene_lewis8485@yahoo.com,59,Lawrenceville,United States,None,Female,40-60
19,22248e53-21a2-4dae-b9af-a860f2f5d5cf,Deborah Chung,asiateddy@hotmail.com,43,Houston,United States,Asian,Female,40-60
20,23d82dea-03d0-41db-843c-35e6f13ce1bc,May Shawi,may.shawi@gmail.com,40,Princeton,United States,None,Female,40-60
21,24a57bbb-062d-4f40-b699-d2af03c2ea8c,Marcia Williams,embellishbymarcia@gmail.com,46,Conshohocken,United States,None,Female,40-60
22,268e1ad4-1d28-4acb-b4b2-75643ce33f1b,Renee Perry,reperry@cisco.com,40,New York,United States,None,Female,40-60
23,2842f55d-f34b-4cb1-b2d9-b2f24ae33953,Kathy Sterns,kathysterns1@gmail.com,59,Congers,United States,None,Female,40-60
24,29c0a972-5ba6-46ea-9638-37df3156562f,Kimberly Marshall,kimpossible68@gmail.com,53,,,None,Female,40-60
25,2dde370a-0e60-42a2-83ef-d48ddb4a47b1,Parivash Berookhim,parivash.berookhim@yahoo.com,50,Great Neck,United States,White,Female,40-60
26,2f2e459b-fb92-4c4f-8b5b-bac7baa20d76,Rita Aghenta,raaghenta@gmail.com,43,Gilbert,United States,None,Female,40-60
27,30169287-7616-4860-b6b2-22bb29045627,None,denisiachatfield@cox.net,None,None,None,None,Male,40-60
28,30f03c55-b7e2-4bbc-ae59-64dbed2fe512,Anna Davis,cigaro99@aol.com,55,Newport,United States,White,Female,40-60
29,320dac03-dd1e-43d1-9a9f-5a12b3d30d8e,Lauren Goldberg,laurenmgoldberg@aol.com,None,plantation,united states,White,Female,40-60
30,32613ef2-d9c3-4843-86cc-50009b1eb1ea,Dana Haddad,danahaddad@me.com,49,New York,United States,White,Female,40-60
31,362c0d31-758e-455f-978e-fbebf9fcead0,Julie Anderson,taylorjulie1@yahoo.com,45,Belleair,United States,None,Female,40-60
32,3b9497d5-dae1-429f-9c56-b45b8366c72b,yael silverman,yrs@agmanpartners.com,46,chicago,united states,None,Female,40-60
33,3e3373f9-99f1-41eb-a6b0-29be2af7936b,None,Ookoh@yahoo.com,None,None,None,None,Male,40-60
34,3f502bb9-0833-44c9-b10d-cb3c38f843d0,Dr. Ritu Saini,ritu.saini.md@gmail.com,44,New York,United States,Asian,Female,40-60
35,493afd2c-04d0-4ea6-bb74-25b66d2db980,Syreeta Montgomery,syreeta.hill@gmail.com,40,,,None,Female,40-60
36,498aa6a5-1dbc-4fa3-9848-4dac4a138a15,Rachel  Rabbani ,Rachelrabbani@yahoo.com,47,Beverly Hills,United States,None,Female,40-60
37,4b0a2031-0218-4e6d-8f79-22911919af82,Marleen  Riccelli ,marleenvatne@hotmail.com,47,Fort Lauderdale,United States,None,Female,40-60
38,4e998252-230a-45d8-aeee-9f878cd8d24f,Erica Perilstein ,ericamd@gmail.com,43,Ambler,United States,None,Female,40-60
39,503fa7f1-3f61-42ba-a636-d454a7c53c10,KIMBERLEY Johnson,emailkimmy@yahoo.com,46,Randolph,United States,White,Female,40-60
40,52e02a63-92cf-454c-b022-03f02a8a7b6a,Eden Goldberg,eygold@icloud.com,44,New York,United States,White,Female,40-60
41,5305d617-e73f-4c4d-9e64-fcfa0d231ade,tessa stark,ts245@georgetown.edu,44,chicago,united states,None,Female,40-60
42,554ddfcd-1d78-433c-9b10-a83ef5921785,melinda hightower,melinda.hightower@gmail.com,41,san francisco,united states,African American,Female,40-60
43,568c493d-a1d4-4494-951c-469f88b066ea,irina shante,silverskyvenice@gmail.com,60,New York,United States,White,Female,40-60
44,581dff89-fe0e-42b8-bc2e-b4a9fd8edd2d,Kaori Sandhu,rumsurf@gmail.com,44,Marina del Rey,United States,None,Female,40-60
45,5aea43c4-5be4-4a96-b672-e19452573c17,Olivia Gelfond,o.gelfond@gmail.com,42,Folsom,United States,None,Female,40-60
46,5d62dabc-1afe-4306-923b-bc2af276647a,jennifer lacourte,jenniferlacorte@me.com,50,los angeles,united states,White,Female,40-60
47,5f220bf1-6046-4c7a-a7ad-268c950326b7,Regina Monroe,rdmonroe@icloud.com,46,Greer,United States,None,Female,40-60
48,5fc909f5-fcd8-4c5f-b97f-222a2c43ba9d,Jameil Miller,Millerjameil@gmail.com,41,Charlotte,United States,None,Female,40-60
49,61383cb4-d0b7-4778-a77d-6339067e5420,jill meyers,jsonny0302@gmail.com,53,miami,united states,None,Female,40-60
50,62899202-8749-42e1-a009-8684af2d5a8f,Johanna  Caplan ,johanna.caplan@gmail.com,47,Philadelphia,United States,White,Female,40-60
51,64a42bae-41db-4981-806b-0f5d818d86e8,Tawanda Starms,tstarms@verizon.net,49,Lake Forest,United States,None,Female,40-60
52,6594048e-b24f-43d2-8eb6-776fab7b0907,Stacey Kontoh,samkontoh@gmail.com,41,White Plains,United States,African American,Female,40-60
53,6644588f-9a74-4864-8307-b084d7f3ddec,Stephanie Holloway,stephaniemathome@gmail.com,42,Houston,United States,None,Female,40-60
54,67208d20-933f-4cca-9189-c701ee00c13e,Jackie Shapiro,jackie@frenchbull.com,60,New Canaan,United States,None,Female,40-60
55,67b3928b-b324-462a-a2da-b93c83bb53d0,Lisa Taraba,lmb10102003@yahoo.com,43,West Grove,United States,None,Female,40-60
56,67bf6b88-ac86-4666-9bad-d2d3cf8e972c,Anya Reppucci,anyareppucci@gmail.com,41,Hingham,United States,White,Female,40-60
57,68142ba0-ee54-4e94-8358-d2b3d6dfd4b0,None,Lkriss13@gmail.com,None,None,None,None,Male,40-60
58,6822776b-a998-4243-8fb4-13712f20ae57,Alla Plotkin ,allaelzees@gmail.com,57,,,White,Female,40-60
59,6a5ffdbb-bbc6-4217-a7d1-4bca725fe1d8,Jessica Colucci,jjbell2@yahoo.com,47,New York,United States,White,Female,40-60
60,6bf17040-f67e-46aa-a4ca-20f48a285b3e,Tatiana Frierson,Tatiana.Frierson@sodexo.com,59,Dallas,United States,White,Female,40-60
61,6cbd7261-5f34-4bb1-9c74-4d3602067440,Melinda Wang,melindawang@gmail.com,44,New York,United States,None,Female,40-60
62,6da6ea27-baba-448c-bbd8-f2d7fa200e83,Luba  Lambert,lubalambert@yahoo.com,57,Mason,United States,White,Female,40-60
63,7676b88a-04e1-4495-afa7-c936961c5059,Javanna  Murray,jvmurray28@gmail.com,43,York,United States,None,Female,40-60
64,79e65d8f-8725-4e59-a8b2-220f5aa2a7a1,None,melle1973@gmail.com,None,None,None,None,Male,40-60
65,7b2eaa22-8600-4787-a2a5-108b43518c52,Barbra Berwald,barbra.berwald1@verizon.net,48,new york,united states,White,Female,40-60
66,7b99ef93-4f6c-49b1-8815-8e8384c72662,Fei Guo,feihguo@gmail.com,35,Somerville,United States,Asian,Female,40-60
67,7c9e9432-2027-4cd9-8277-a100cdc4590b,Sabrina Milner,football1679@aol.com,43,Plantation,United States,None,Female,40-60
68,7f8d58c4-d946-4944-9fed-5429bc7b5306,Helen Poon,poonhelen@hotmail.com,52,Boston,United States,None,Female,40-60
69,8232d6b2-24b6-4ce5-a2e2-8c5c42f49673,Dawn Drexler,ddrexler2011@gmail.com,41,Dallas,United States,White,Female,40-60
70,834af009-59cc-47f1-9083-b394590abc6e,Niloofar Khalili,Nilokhalili@gmail.com,52,Los Angeles,United States,White,Female,40-60
71,854d8fb1-5c13-4f79-a9df-a9e30bc9b6b0,Anne Rasso,araso@aol.com,60,New York,United States,White,Female,40-60
72,86074764-dd75-4c1c-8117-0214219b6ea3,Jodi Burke,burkejodi@hotmail.com,51,Parkland,United States,White,Female,40-60
73,8814d0f9-6f1a-4c89-81e5-236f80dcaa6d,Katia Ducheine,kducheine@hotmail.com,49,New York,United States,African American,Female,40-60
74,8931e022-ae91-4156-a099-ab57f5f6a319,lisa scher,scherlisa@gmail.com,58,,united states,None,Female,40-60
75,8bc5fda5-1ab2-4861-83cd-77c7cf01b473,Akiko Kan,akiko@primrosecolor.com,52,Foster City,United States,Asian,Female,40-60
76,8ed3fc2d-4fa5-4459-af99-da67398cc79b,renee brodie,reneebrodie99@gmail.com,57,new york,united states,None,Female,40-60
77,90ebaf60-32c8-4b2a-aba5-c63b9934cc92,Ali James,alexandrahjames@gmail.com,28,Freeport,United States,None,Female,40-60
78,9480e3e7-108e-4688-b7a0-b787ad6e2e12,Elena Rybak,Lrybak65@gmail.com,56,Fort Lauderdale,United States,None,Female,40-60
79,9497bfc9-e6a0-4915-99c3-ae75dad7568a,Heather Wilcox ,Heather714@yahoo.com,49,Boca Raton,United States,None,Female,40-60
80,97d9b1e5-6d64-4917-9940-1aed99931c4d,Celia  De Leon ,celiashopps@aol.com,44,Los Angeles,United States,White,Female,40-60
81,9cdedfc4-26ca-4cbc-99a0-ba98bc696420,Dipti Kohli,dptkhl@gmail.com,41,Bloomfield Hills,United States,Southeast Asian,Female,40-60
82,9d14ea2f-16da-4dd8-bb83-c0bf04c0ead0,Robin Richey,robin@robinfabulous.com,43,Columbus,United States,None,Female,40-60
83,9ddf9f20-89b9-4e40-adf1-4e3241e6f454,Shideh Javaheri ,Shakimi21@hotmail.com,50,Beverly Hills,United States,White,Female,40-60
84,9e33a6a1-964e-41ae-a0b9-315512816b6e,Mary Gene Cuyugan,karen_cuyugan@yahoo.com,44,Seattle,United States,None,Female,40-60
85,a1f384b8-4761-41f9-96c7-f5df559f8733,sheri severino,sh_severino@yahoo.com,None,new york,united states,None,Female,40-60
86,a4423f19-38f8-44ae-8e0b-3c9fe8be86e2,Michelle Andrews,michelle.leo@mac.com,43,New York,United States,White,Female,40-60
87,a88f21df-557b-4a1d-a67d-b3f3f0ec6c3c,Patricia Dugan,patriciaduganmd@yahoo.com,45,New York,United States,Asian,Female,40-60
88,af658ca4-3f0e-4906-b08b-6df03476e3f0,Valerie Capozzoli,taylornme21@icloud.com,40,East Islip,United States,White,Female,40-60
89,af7a6e06-1d29-4b36-85b4-054239775781,Grace Cheng,gracecheng29@gmail.com,43,Los Angeles,United States,Asian,Female,40-60
90,b282a134-e3f3-41cc-90a8-f9404d1229ae,Chelsea Crowe,chelseacrowe@yahoo.com,40,Huntington Beach,United States,None,Female,40-60
91,b2ccc6b0-7121-4baa-8a4e-b9aeabe4501e,LaTika Smith,latikaburkes@yahoo.com,46,,,None,Female,40-60
92,b6a6015d-d84a-402b-a21d-4a5d7a6487e2,None,athenalolis@gmail.com,None,None,None,None,Male,40-60
93,bae21b7c-7685-4374-9dd1-283c55a2381f,Siamphay Rattanaphasouk,srattan07@gmail.com,47,Chicago,United States,None,Female,40-60
94,bda4e56d-b4fd-454c-b29b-66ecec986ef9,Hilary  Reid ,hillaryreid@bellsouth.net,52,Weston,United States,None,Female,40-60
95,c009732a-19e1-401b-9d8f-ece6647e3482,Shirley Darvish,shirleydarvish@gmail.com,41,Beverly Hills,United States,White,Female,40-60
96,c1b380d7-3ad2-402b-9418-101bbd0bf246,None,chinafortuin@cox.net,None,None,None,None,Male,40-60
97,c273a1f9-48bd-45bf-9d72-ab9e8955e63e,Luba Burns,lubaburns@gmail.com,52,San Diego,United States,White,Female,40-60
98,c4673eeb-03b7-4f01-93e6-5d9a890f6565,Parisa Leviadin,pleviadin@yahoo.com,43,Beverly Hills,United States,None,Female,40-60
99,c760e070-add2-44b6-9df2-40f74a71afb4,Tara Tucker,tmccowntucker@gmail.com,46,Philadelphia,United States,None,Female,40-60
100,c76ebd29-8ae1-499e-9bda-bfe57402fd9f,Delonda  Graham ,delonda.beamon@gmail.com,42,Atlanta,United States,African American,Female,40-60
101,ca7c5ef8-b72e-498b-98bf-ced494a19d2a,Natalya kapoor,kapoornatalya@gmail.com,42,Muttontown,United States,White,Female,40-60
102,cee3fe04-0a51-414c-9056-c8e3ed8a4649,ericka holliday,camyericka27@gmail.com,50,los angeles,united states,African American,Female,40-60
103,cf778c43-796b-491a-8491-e6549e34ac62,Nataliya  Bleck,natasha.bleck@hotmail.com,43,Los Angeles,United States,White,Female,40-60
104,d0942f59-759f-47aa-9a23-69f04b7f71d1,Sharona Neysani,sneysani@hotmail.com,43,Los Angeles,United States,None,Female,40-60
105,d17c8deb-d205-4dcd-a090-f7f55c1f0655,sarah hasting,sef.hastings@gmail.com,39,san francisco,united states,White,Female,40-60
106,d23fe277-58d3-45c8-804a-e14de6706c47,sofia manashirov,sofia@payswipe.com,43,new york,united states,None,Female,40-60
107,d34e3e0d-ddd8-4414-98b5-be1d8c1b02ec,Leann  Hagen ,leanncrossno@gmail.com,41,Los Angeles,United States,White,Female,40-60
108,d4e394f8-b7b9-4ec8-a83e-5896ee592a3f,Christina Zhang,chriz26@hotmail.com,44,New York,United States,None,Female,40-60
109,d8e7ab12-b2dc-4e84-b914-0dc08b0783d8,Karena Mccabe,karenaellen@gmail.com,49,Seattle,United States,None,Female,40-60
110,de4ef2ae-b34f-4b59-b289-c94059d573f8,Tracy Nguyen,tracynguyendds@yahoo.com,52,Dallas,United States,None,Female,40-60
111,df16503e-5f63-44dc-985a-e9675ffc9da7,Danyl  Patterson ,danylpatterson@gmail.com,45,Philadelphia,United States,None,Female,40-60
112,e208ac7e-5e0f-4eab-86e0-5312553f65a1,None,rocioalexandramd@gmail.com,None,None,None,None,Male,40-60
113,e3f16f7b-4c70-4d0f-bcdc-83eb8a60976e,miki ford,mikikiki25@aol.com,55,los angeles,united states,Asian,Female,40-60
114,e4a0fcbb-69a5-43ad-9198-679e5faded89,Susan Schneider,susan60629@gmail.com,61,Golden Beach,United States,None,Female,40-60
115,e56e64db-b37c-4a2c-b86a-d99cb536e9e9,Tamara Ramalho,tamara.ramalho@gmail.com,48,Freeport,United States,None,Female,40-60
116,e6efef1a-d17a-4bef-a7cc-9b6d67850d62,Salma Ott,saloma3@san.rr.com,50,,,None,Female,40-60
117,e75594ac-fe30-4eed-bd1b-01d07b3b2750,Cecilia Vonderheide,ceci.Vonderheide@gmail.com,58,New York,United States,None,Female,40-60
118,e809da0e-aa3c-401a-aaa4-76e5c30277c2,Deborah Pan,deborahpan71@gmail.com,50,Guilford,United States,None,Female,40-60
119,ecef622a-7065-43f7-a3e9-1b346b68e777,None,aigul_tysh@yahoo.com,None,None,None,None,Male,40-60
120,eed6392b-93a1-4a66-ae3e-ffc4f3345923,Lisa Ko,lisako13@yahoo.com,41,Gaithersburg,United States,Asian,Female,40-60
121,f19d953a-1ab6-4244-bb96-5085fcc48d8c,Tonya McCarter,tl_mccarter@yahoo.com,41,Baltimore,United States,None,Female,40-60
122,f2533f40-75cd-4dfc-ad86-156e9a40e76f,Sandra Mahgerefteh,mahsandy@yahoo.com,47,Los Angeles,United States,None,Female,40-60
123,f4c8dc47-1138-4aae-8823-82446e81ccf8,devi vallabhaneni,devi@apbm.org,51,Chicago,United States,,Female,40-60
124,f62a7d97-abe6-4137-9679-2d23ed040c11,Denise Berger,dberger@swunmath.com,43,Seal Beach,United States,White,Female,40-60
125,f6ff9796-e5b6-4d96-a6f1-37b76f7e040a,Jennifer Chou,jschou74@yahoo.com,47,Yorba Linda,United States,Asian,Female,40-60
126,f854e68e-fb80-4fac-8132-5bfde1cfb1cd,Jenna Luu,jennaluumd@gmail.com,47,Manhattan Beach,United States,None,Female,40-60
127,f9736fba-f795-4721-8585-b827d7880f3d,Ellen Schweitzer,ellengschweitzer@gmail.com,59,New York,United States,White,Female,40-60
128,fc64e6e2-2a68-461b-a1d6-e3a597a3cefe,None,kohtze@hotmail.com,None,None,None,None,Male,40-60
129,fcb06b9f-fbdd-4239-8245-2875e9428601,Renee  Bethea,belindareads50@gmail.com,41,Charlotte,United States,African American,Female,40-60
130,fe5b9d9c-4270-4622-88b6-e03aa58b2fee,Meredith Seigle,mlseigle@aol.com,53,,,None,Female,40-60
131,ffc72c2e-05e1-4324-8eda-4bced548f593,Ana  Thallas ,athallas@yahoo.com,40,Denver,United States,White,Female,40-60
132,01e7d1d1-ab66-4baf-9184-72b7d52f2a01,Shiva  Emrani ,EmraniShiva@gmail.com,37,Los Angeles,United States,White,Female,Under 40
133,06c2d020-f82c-4537-b820-5ace96d1b8c3,Taylor Gordon,tgordon816@gmail.com,25,Miami,United States,None,Female,Under 40
134,0a89776d-2fca-4768-b76b-ec0a4dfdd938,Tal Sakhai ,talgavra@gmail.com,34,Miami,United States,None,Female,Under 40
135,0b52b90c-369e-4a60-8cb0-a935d22c6b58,Yelena Ostrovskaya ,yelena.ostrov@yahoo.com,34,Los Angeles,United States,None,Female,Under 40
136,0f3414cc-6d60-4a01-974f-36b0d74aefa6,may ratiu,mayowong@gmail.com,36,san francisco,united states,None,Female,Under 40
137,0fc706ca-16b6-48bb-8050-e7040be9ec68,Josephine Chukwuonye ,josaugu@yahoo.com,34,Reminderville,United States,African American,Female,Under 40
138,1034e511-9be0-4d82-811a-223392884315,Jaclyn Chu,jaclyncchu@gmail.com,32,San Francisco,United States,Asian,Female,Under 40
139,11a7ff08-6417-493c-b5a1-d360a27a7e30,Christina Brady,ladybrady22@gmail.com,35,Chicago,United States,White,Female,Under 40
140,1431a109-1cf5-44f4-aab5-29476ad03cc6,Jiangrong Jin,joan.jin@outlook.com,33,San Marino,United States,Asian,Female,Under 40
141,1cc879c3-628a-4e64-bdff-1e0c6d893403,talia nour-omid,tnouromid@gmail.com,31,los angeles,united states,None,Female,Under 40
142,1cdc0110-343f-43d1-9e22-e12442c574d4,Nena Shadi,nlavian26@gmail.com,37,Los Angeles,United States,None,Female,Under 40
143,1db354dc-3a4c-4f3e-94dd-9a12940601a8,Robin Wilkins Toombs,robinaw@att.net,37,Mount Arlington,United States,None,Female,Under 40
144,1e0b07d1-3802-44c3-b3f7-049dd16c9092,Renata Garcia,renigarcad99@gmail.com,25,,,White,Female,Under 40
145,1ffc5cb2-6949-46e4-b5bf-d12dc9f01070,sabina rabinovich,sabinaplotkin@yahoo.com,32,new york,united states,None,Female,Under 40
146,243edb06-5b98-481b-ae94-90717c21f18a,isabella pascente,isabellarpascente@gmail.com,25,Chicago,United States,None,Female,Under 40
147,26370d69-f39e-40c2-8bb0-999e0c2fac48,Courtney Bartelstein,cbartelstein25@gmail.com,25,Chicago,United States,White,Female,Under 40
148,270543db-811f-46b0-8faf-f06f02a43f9b,Shalu Mirza,shalumirza1@gmail.com,33,Chicago,United States,None,Female,Under 40
149,271f48d1-7e5f-4287-a2e7-9d2987ec85f9,Gabriele Sheldon,gab94sheldon@gmail.com,27,Boca Raton,United States,None,Female,Under 40
150,2cda9fc2-98e9-45df-95d1-87edd014561c,Gabriella Mitselmakher,g.mitselmakher@gmail.com,29,Sunny Isles Beach,United States,None,Female,Under 40
151,2e2e298f-a5ba-4cd2-ad48-d1f1cd693607,Celine Dan,celinedanialian@gmail.com,25,Los Angeles,United States,White,Female,Under 40
152,2feba38a-575a-4686-ac6c-421d2dd88985,Courtenay Lowe,lowecourtenay@gmail.com,23,Dallas,United States,White,Female,Under 40
153,33ebf3e8-17d4-400c-b015-45d134628e06,Kimberly Nguyen,kimmi.m.n@gmail.com,37,San Francisco,United States,None,Female,Under 40
154,33fa1469-de54-4f7f-8735-9fef33c6cfca,Natalia Ramirez,nramirez0395@gmail.com,26,Los Angeles,United States,Hispanic,Female,Under 40
155,358d3754-a741-45ff-99f8-92f2e394c967,Barbara Barroso,barbarabarroso441@gmail.com,29,Henderson,United States,White,Female,Under 40
156,38125c95-a04e-4f04-96c4-32b921a28b7f,Cynthia Esumei,cynthiaoesumei@gmail.com,32,Smyrna,United States,None,Female,Under 40
157,3bc45e38-b0d4-4d83-bf5b-1f3a1db7642b,Sarah Teharni ,sarahstehrani@gmail.com,27,Philadelphia,United States,None,Female,Under 40
158,3e701084-e4c4-47a4-a4a0-452ec2c85a8e,Anna Yershova ,anna_yershova23@hotmail.com,37,Cincinnati,United States,White,Female,Under 40
159,3f4f3b6b-8497-4228-b761-e12e97b98747,Anisha Chadda,anishachadda@gmail.com,29,New York,United States,Southeast Asian,Female,Under 40
160,40548ef1-0960-4174-b79d-0e559a13098f,Jasmine  Rabani ,jasminerabbani@me.com,32,Los Angeles,United States,None,Female,Under 40
161,4057059a-99aa-4c6f-b893-2aaabbe60abd,Natascha Schuetz,natascha.schuetz@gmx.de,31,New York,United States,None,Female,Under 40
162,4082cce5-7189-4c34-8647-a3e553393c83,Gabrielle Fraenkal,gabrielle.fraenkel@gmail.com,32,New York,United States,White,Female,Under 40
163,45748dc7-89c9-456c-872f-8f408612b43a,Jill Slutsky,jill.Slutsky-Sanon@mssm.edu,39,Bellmore,United States,None,Female,Under 40
164,47fdfaf5-6e58-4ecc-ba64-4be3a81fd9bf,lauren buchanan,lauren@laurenbuchananlaw.com,38,chicago,united states,White,Female,Under 40
165,4931fde4-8c53-46a9-902e-696460919016,Shannon Smith,shannonsmith20621@yahoo.com,32,Miramar,United States,None,Female,Under 40
166,4bbcebdc-e8d2-4ae8-af45-8843b30d2e7e,Samira Sinai,samirasinai@gmail.com,31,Santa Monica,United States,None,Female,Under 40
167,4d326848-f34f-404e-9453-516ba97d7190,Jenna DePillo,jennamdepillo@gmail.com,26,New York,United States,White,Female,Under 40
168,504e7f65-fcd6-449b-986b-94c07bb2bfb2,Hodaya Ohebshalom,hodayaono@gmail.com,24,Los Angeles,United States,None,Female,Under 40
169,58048c66-679c-4f0f-9eec-9e52d36e632c,Danielle Scarborough,daniellemscarborough@gmail.com,37,Atlanta,United States,None,Female,Under 40
170,5b00630f-2343-404c-8ebc-5e18a99c345d,shannon neal,shannonlneal@gmail.com,36,chicago,united states,None,Female,Under 40
171,5ba20a8b-1921-4660-a8cb-13a178f1d40e,Hanne Yoon,ahyoon31@gmail.com,29,Miami,United States,None,Female,Under 40
172,5c6f31fd-117b-4a72-b637-9325093313e0,Jennifer Llano,jenniferllano07@gmail.com,29,Miami,United States,None,Female,Under 40
173,5d73efc8-0e57-4fca-ae4e-7794d4e79f8b,eleonora zeltser,ellezeltser@gmail.com,32,New York,United States,None,Female,Under 40
174,5e543992-0bf0-475b-9a4a-7f7a4931aea0,Taylor  Whitney ,taylorwhitneydesigns@gmail.com,29,Chicago,United States,None,Female,Under 40
175,5ef099af-c2db-4210-804b-b1198f0a4644,Molly Penney,penneyswoman@me.com,32,,,None,Female,Under 40
176,5fe7646f-7fef-49b5-a266-0c1ea59d116a,Marissa Berggrun,mberggrun7@gmail.com,27,New York,United States,White,Female,Under 40
177,62a50e4b-1af0-4678-8389-17fa1629d80a,Ashmin Chowdhury,ashmin@gmail.com,28,Atlanta,United States,Southeast Asian,Female,Under 40
178,6393ac6c-a6e5-4971-b300-14fb961aa2bc,laura rubin,laurarubin614@gmail.com,36,demarest,united states,None,Female,Under 40
179,667e1351-7495-4deb-9174-4f4db8919130,Diana Ghods,Dianaghods@yahoo.com,31,Los Angeles,United States,Middle Eastern,Female,Under 40
180,6e23603e-b3d2-4cb7-a710-90a985ac4248,Daniella Saeedian,dsaeedian@yahoo.com,27,Los Angeles,United States,None,Female,Under 40
181,6e617257-6993-4c61-847d-a9e0352996be,Meghan Newsome,meruckman@gmail.com,31,New Orleans,United States,None,Female,Under 40
182,6ee5365d-f46c-4fab-b241-52e467125c4c,nicole nejathaim,nicolehaim25@gmail.com,32,los angeles,united states,None,Female,Under 40
183,6fb468f9-5962-4cbb-8505-9a6f4a772a96,Samantha Simon,ssimon1117@gmail.com,33,Bal Harbour,United States,None,Female,Under 40
184,71011ba3-e4f9-44d4-a7cc-aae6b61db8b7,Lena Mansor,lenamansor@gmail.com,32,Riverside,United States,None,Female,Under 40
185,74d4e1a3-14f2-45e3-894f-18046bc9e3bf,Naomi Akinfenwa ,latobster@gmail.com,33,Houston,United States,African American,Female,Under 40
186,76e5d575-354a-491c-b07c-3726b43ce220,Rotem  Yakobi ,rotemyakobi26@gmail.com,24,,,None,Female,Under 40
187,789da535-9fa3-4773-a359-a5cc83658583,Christine Go,christine.c.go@gmail.com,34,Chicago,United States,None,Female,Under 40
188,79332682-178d-481a-82c8-8991e1398e6c,India Johnson,johnsonindia11@yahoo.com,35,Atlanta,United States,African American,Female,Under 40
189,7a25e490-4327-4cea-a5eb-3bef494cad4e,Shayda Yamini,Shaydayamini@gmail.com,34,,,None,Female,Under 40
190,7d83b960-2ceb-439e-b4ed-3cb2f14efdf6,isabella brody,isabellabrodie25@gmail.com,24,New York,United States,White,Female,Under 40
191,81af1fd4-a21a-4510-bae6-729731c162c0,Samantha Fariello,thelittlechef13@aol.com,39,Sunrise,United States,White,Female,Under 40
192,8522dbc4-b907-474c-ba17-f308cb7902eb,Nicole Darvish,nicoledarvish@gmail.com,28,,,White,Female,Under 40
193,856cbfa2-5097-4638-89f1-326ce9c1badb,Setareh Eghbali,Setarehg11@gmail.com,34,Los Angeles,United States,Middle Eastern,Female,Under 40
194,887304be-db76-4df5-b3c6-7f1345c20f6e,nicole cash,nicolelavian26@gmail.com,31,los angeles,united states,None,Female,Under 40
195,88da0b92-0a13-4bcf-ac98-4a9c3b2a00ed,Emily Zaghi,emilybzaghi@gmail.com,24,Los Angeles,United States,None,Female,Under 40
196,88f73114-60d8-4868-961d-01b665c66b70,Ella Brodskaya,ebrodskayaesq@gmail.com,32,Los Angeles,United States,None,Female,Under 40
197,892e6b81-60d9-4e6e-bfaa-4ffd7a54c480,Arafat  Omidiran ,arafatomidiran@gmail.com,29,New York,United States,African American,Female,Under 40
198,905a4fad-3832-44f4-aabd-5eefead770e1,Sunee Woo,suneewoo@gmail.com,37,Los Angeles,United States,None,Female,Under 40
199,9213b90b-b949-47e2-a7dc-25125ac0d265,Rachael Vargas,rachaelvargas@email.arizona.edu,26,San Francisco,United States,None,Female,Under 40
200,9285b2e2-7545-406d-af00-595fa5af2979,Ghazaleh Matian,Matianod@gmail.com,36,West Hollywood,United States,None,Female,Under 40
201,92e3fc64-ba76-4e89-9ada-17427892c3dc,Joane Charles,joane.charles17@gmail.com,27,Pembroke Pines,United States,African American,Female,Under 40
202,9564d812-917c-4821-a849-3bd10bca2753,Shania Kimbrough,shania_nicolebb@yahoo.com,28,Tucson,United States,African American,Female,Under 40
203,95b9efe4-1267-4c0d-8757-11c76515c4b5,Amy Luck,aaluck9@gmail.com,31,Austin,United States,White,Female,Under 40
204,962c9a12-46a7-4170-8441-21471bad47cc,Chantal Cohanzad,Chantalcohanzad@gmail.com,36,Los Angeles,United States,None,Female,Under 40
205,98457ebf-fa8a-4b73-a566-8135cd6c635e,Dillon Burke,dillonburke@gmail.com,32,Miami,United States,White,Female,Under 40
206,9947d517-55bc-48f6-9d39-9fcb35bc067d,Deborah Reich,reichdr@gmail.com,33,New York,United States,None,Female,Under 40
207,9b05ac95-1b3d-45dc-9da5-ea67e354f843,Maya  Roshani ,Mayaroshani@yahoo.com,35,Los Angeles,United States,None,Female,Under 40
208,9b78a266-2190-4bbb-bb60-c71347aa283b,Melode Shans,melodyshervin@gmail.com,34,Los Angeles,United States,None,Female,Under 40
209,9ccd4289-9ec4-4384-9110-35be13b2bd4a,Alexandra Jeffus,alexandra.jeffus@gmail.com,30,Dallas,United States,White,Female,Under 40
210,9e3ec205-12fd-4634-b7f6-c44007dcec27,Fenella Vays ,fenellav@gmail.com,29,Atlanta,United States,None,Female,Under 40
211,a4dad479-5820-4284-984f-03c0b69f3c14,Yassaman Erfani,yassaman.erfani@gmail.com,26,Washington,United States,None,Female,Under 40
212,a97cc192-af55-4049-97da-c437868ad703,Patricia Jamito,patriciagracelantin@yahoo.com,35,Kaneohe,United States,Asian,Female,Under 40
213,ab14c117-dacc-4fa7-a027-15c5856dd2d3,Yael Elias,coheny17@gmail.com,26,Lawrence,United States,White,Female,Under 40
214,abe3f953-ce04-4850-8bdd-b94ac012d381,Jenna Berman,Jenberm15@gmail.com,25,New York,United States,White,Female,Under 40
215,ac3384bb-45d8-4b54-a48e-bd4547e75b9d,Katie Orce,katieorce@gmail.com,39,New York,United States,None,Female,Under 40
216,ac6dc6d1-9464-492a-8a9e-024e32127913,jackie brody,jacquelinejpike@gmail.com,38,Chicago,United States,White,Female,Under 40
217,af42e5e0-36a7-4857-b114-3d8946e3dbcf,Melissia Smith,melissia.smith@ymail.com,39,Houston,United States,None,Female,Under 40
218,afd0963a-d45a-4b93-9781-78698ab37b5b,Niloo Rivani,Niloorivani@yahoo.com,32,Los Angeles,United States,None,Female,Under 40
219,b1bb2b91-5051-4394-9fb3-d1d47751d178,Melody Soleimani ,melsoleimani@gmail.com,32,Beverly Hills,United States,None,Female,Under 40
220,b230cd91-e81c-42d2-8099-50ead0c2bc06,Mamie Dayan Vogel,mmedayan@gmail.com,34,Atlanta,United States,White,Female,Under 40
221,b3dfb81b-8942-4627-83b7-8ca8deeda96b,Andie Schneider,Schnei527@gmail.com,30,New York,United States,White,Female,Under 40
222,b6e94c2f-c99b-47bc-bb35-08bd8215fe7b,Nakeitheya  Smith,nakeitheya_s@hotmail.com,34,Miami,United States,African American,Female,Under 40
223,b70b53f3-3c4e-4663-b5ec-8879548b0b20,linda ancona,bindrid@aol.com,37,,united states,White,Female,Under 40
224,b75ff1b3-639a-4599-b197-b2f99d9a95dc,Jessica Kohantab,jessicakohantab@yahoo.com,27,Woodland Hills,United States,White,Female,Under 40
225,b8e1bffc-456e-42aa-aac4-02911c16717e,Leticia Polite,lpolite89@gmail.com,32,,,None,Female,Under 40
226,b986caa8-de9c-4db9-870f-de5e47e6275c,Michelle Santacoloma,msantacoloma24@gmail.com,31,Miami,United States,Hispanic,Female,Under 40
227,ba716e82-1d76-4080-9cc1-422be9e2e4db,Brittany Beyer,brittanysbeyer@gmail.com,28,New York,United States,None,Female,Under 40
228,bc3bdea3-f258-4f7d-bb23-e4ba024b8752,Whitney Courter,whitneycourter88@gmail.com,33,Westford,United States,White,Female,Under 40
229,c0b55c91-796d-4c81-a925-86d71f403cb8,Sarina Fritz,snfritz92@gmail.com,29,Miami Beach,United States,White,Female,Under 40
230,c130feb5-f7a4-43f9-b0b1-bc02f0141983,Lakeyia Ingram,aiyekal16@gmail.com,40,High Point,United States,African American,Female,Under 40
231,c34c1406-8eed-4db4-8bc1-6444608a3fe7,Jenik Hakhamzadeh,Hakhamza@gmail.com,36,Los Angeles,United States,White,Female,Under 40
232,c72c79ae-f59f-4b9e-94f9-57f48bdeb04c,Sogole Kane,sogole@gmail.com,39,Irvine,United States,White,Female,Under 40
233,c9ebaa47-136f-4ab8-b54a-fe09bf455148,Elena Romanchuk,elena.romanchuk@gmail.com,35,Cincinnati,United States,None,Female,Under 40
234,cb7b4bdf-eea9-4b93-905c-f8bbdb809b70,Amy R.  Cohen,amyracohen@gmail.com,34,New York,United States,White,Female,Under 40
235,cd88686e-4392-4573-95ec-c868e544ebbd,Ali Edwards,ali@disarmingfilms.com,27,New York,United States,White,Female,Under 40
236,d3fce5aa-57d0-4348-a224-f43f4f6ddca4,Liz Giglio,galvin.ea@gmail.com,33,Boston,United States,White,Female,Under 40
237,d46ecef3-0f98-4b34-a2a1-d6d6421395f2,kelly mathison,kellymathison710@gmail.com,30,dallas,united states,None,Female,Under 40
238,d8240e0d-6a6d-4c7e-b819-4d7d93eb182d,zakia alqaisi,zakianyc@gmail.com,39,New York,United States,Middle Eastern,Female,Under 40
239,d871e92a-7c13-4747-954c-93dd068dc424,Paige  Robinson,paiget.robinson@gmail.com,33,,,None,Female,Under 40
240,d8f105d4-b2d8-42b4-b84f-e884d5081dc2,None,Shayna.Lew@gmail.com,None,None,None,None,Male,Under 40
241,dbb744d9-dc09-48e2-b2f0-553d66ebb1f7,sara javadi,sarashopparliament@gmail.com,37,los angeles,united states,White,Female,Under 40
242,de3eeae0-39e2-4798-8360-62fa7f317139,Alana Szilagyi,aszilagyi07@gmail.com,26,Dallas,United States,White,Female,Under 40
243,e141b2c5-b8c6-4278-81f9-5edcd72896aa,Sarah Miicke,snmersky@gmail.com,32,Baltimore,United States,None,Female,Under 40
244,e31371fd-e58f-4676-9516-e312b304692e,Naomi Zarrilli,njzarrilli@gmail.com,26,Boston,United States,None,Female,Under 40
245,e3f450a1-42fe-4172-9e18-150ce26c0c09,Shayna Mickle,shayna.mickle@cfacorp.com,36,,,None,Female,Under 40
246,e4dd08d9-802c-4cd7-9a05-d3e7afd7f836,Alli Gorman,allirosegorman@gmail.com,28,New York,United States,None,Female,Under 40
247,e6b2dff9-236b-4203-9662-e1da616fbb98,Tiesha LeShore,tleshore@googlemail.com,39,,,African American,Female,Under 40
248,e854cd60-716d-45fa-be93-441221e194d8,Karen Kraftmann,kkraftmann@gmail.com,32,Philadelphia,United States,White,Female,Under 40
249,ed5f8371-96bd-45a9-bb60-3b0d706212f4,Sandy Eyn,Sandyeyn@gmail.com,30,,,White,Female,Under 40
250,edd3bee0-e678-4477-8ce8-d47904d305a9,Chantly Geoulla,cgeoulla@gmail.com,36,Los Angeles,United States,None,Female,Under 40
251,f22fd657-6b62-4042-b3e5-ac7037ce0ecc,Sanam Mahboobian,smahboobian@gmail.com,36,Santa Monica,United States,None,Female,Under 40
252,f44bfe33-2805-4b23-aca5-27bb4c9781ef,Chelsea Jia,chelsea.jia@gmail.com,33,New York,United States,Asian,Female,Under 40
253,f6560f44-a1f9-4970-890c-ce6d7d7ed156,Amanda Swain,amanda.m.swain@gmail.com,37,Norman,United States,White,Female,Under 40
254,f73b7a67-1282-4432-8b72-a28124b7d67b,Malka Matian,malkamatian@gmail.com,30,Los Angeles,United States,None,Female,Under 40
255,f9ba473f-13fc-45d6-8c8d-be5c5a79d10f,Jasmine  Johnson ,j.w.johnson6289@gmail.com,32,Pembroke Pines,United States,African American,Female,Under 40
256,fc330b70-d580-406e-90ed-99dc74127f27,Samantha Binder,samantharbinder@gmail.com,31,New York,United States,White,Female,Under 40
257,fd88ac3d-f127-4728-89e8-074ee10c12f7,Cherie Obilom,CHERIEOBILOM@SBCGLOBAL.NET,33,Dallas,United States,None,Female,Under 40
258,fe1a85c9-99ae-4613-98df-88eea369318c,Betura Augustin,baugustin92@gmail.com,29,Hollywood,United States,None,Female,Under 40
259,feced6b0-a1ae-4929-9913-e0de400090ed,Courtney Masters,colmasters@gmail.com,33,New Orleans,United States,None,Female,Under 40
